-- phpMyAdmin SQL Dump
-- version 5.2.1
-- https://www.phpmyadmin.net/
--
-- Hôte : 127.0.0.1
-- Généré le : lun. 09 mars 2026 à 17:44
-- Version du serveur : 10.4.32-MariaDB
-- Version de PHP : 8.2.12

SET SQL_MODE = "NO_AUTO_VALUE_ON_ZERO";
START TRANSACTION;
SET time_zone = "+00:00";


/*!40101 SET @OLD_CHARACTER_SET_CLIENT=@@CHARACTER_SET_CLIENT */;
/*!40101 SET @OLD_CHARACTER_SET_RESULTS=@@CHARACTER_SET_RESULTS */;
/*!40101 SET @OLD_COLLATION_CONNECTION=@@COLLATION_CONNECTION */;
/*!40101 SET NAMES utf8mb4 */;

--
-- Base de données : `mancity_univers`
--

-- --------------------------------------------------------

--
-- Structure de la table `matchs`
--

CREATE TABLE `matchs` (
  `id` int(11) NOT NULL,
  `opponent` varchar(150) NOT NULL,
  `competition` varchar(100) NOT NULL,
  `match_date` date NOT NULL,
  `home_away` enum('HOME','AWAY') NOT NULL,
  `goals_city` int(11) NOT NULL DEFAULT 0,
  `goals_opponent` int(11) NOT NULL DEFAULT 0
) ENGINE=InnoDB DEFAULT CHARSET=utf8mb4 COLLATE=utf8mb4_unicode_ci;

--
-- Déchargement des données de la table `matchs`
--

INSERT INTO `matchs` (`id`, `opponent`, `competition`, `match_date`, `home_away`, `goals_city`, `goals_opponent`) VALUES
(7, 'Arsenal', 'Premier League', '2025-09-14', 'HOME', 3, 1),
(8, 'Chelsea', 'Premier League', '2025-09-21', 'AWAY', 2, 2),
(9, 'Liverpool', 'Premier League', '2025-09-28', 'HOME', 1, 0),
(10, 'Tottenham', 'Premier League', '2025-10-05', 'AWAY', 4, 1),
(11, 'Juventus', 'Champions League', '2025-10-22', 'HOME', 2, 0),
(12, 'Manchester United', 'Premier League', '2025-11-02', 'AWAY', 3, 1),
(13, 'Brighton', 'Premier League', '2025-11-09', 'HOME', 5, 0),
(14, 'Real Madrid', 'Champions League', '2025-11-26', 'AWAY', 1, 1),
(15, 'Aston Villa', 'Premier League', '2025-12-07', 'HOME', 3, 2),
(16, 'Everton', 'Premier League', '2025-12-15', 'AWAY', 2, 0),
(17, 'Nottingham Forest', 'Premier League', '2025-12-26', 'HOME', 4, 1),
(18, 'Brentford', 'Premier League', '2026-01-04', 'AWAY', 2, 1),
(19, 'Fulham', 'FA Cup', '2026-01-11', 'HOME', 3, 0),
(20, 'Newcastle', 'Premier League', '2026-01-18', 'AWAY', 1, 2),
(21, 'Bayern Munich', 'Champions League', '2026-02-04', 'HOME', 3, 1),
(22, 'West Ham', 'Premier League', '2026-02-15', 'HOME', 4, 0),
(23, 'Bournemouth', 'Premier League', '2026-02-22', 'AWAY', 2, 1),
(24, 'Bayern Munich', 'Champions League', '2026-03-04', 'AWAY', 2, 2),
(25, 'Leicester', 'Premier League', '2026-03-08', 'HOME', 3, 0);

-- --------------------------------------------------------

--
-- Structure de la table `players`
--

CREATE TABLE `players` (
  `id` int(11) NOT NULL,
  `user_id` int(11) DEFAULT NULL,
  `full_name` varchar(150) NOT NULL,
  `email` varchar(255) DEFAULT NULL,
  `shirt_number` int(11) NOT NULL,
  `position` enum('GK','DEF','MID','FWD') NOT NULL,
  `nationality` varchar(100) NOT NULL,
  `date_of_birth` date DEFAULT NULL
) ENGINE=InnoDB DEFAULT CHARSET=utf8mb4 COLLATE=utf8mb4_unicode_ci;

--
-- Déchargement des données de la table `players`
--

INSERT INTO `players` (`id`, `user_id`, `full_name`, `email`, `shirt_number`, `position`, `nationality`, `date_of_birth`) VALUES
(1, NULL, 'Ederson Moraes', NULL, 31, 'GK', 'Brésil', '1993-08-17'),
(2, NULL, 'Stefan Ortega', NULL, 18, 'GK', 'Allemagne', '1992-11-06'),
(3, NULL, 'Kyle Walker', 'kyle.walker@joueur.manchestercity.com', 2, 'DEF', 'Angleterre', '1990-05-28'),
(4, NULL, 'Rúben Dias', NULL, 3, 'DEF', 'Portugal', '1997-05-14'),
(5, NULL, 'John Stones', NULL, 5, 'DEF', 'Angleterre', '1994-05-28'),
(6, NULL, 'Nathan Aké', NULL, 6, 'DEF', 'Pays-Bas', '1995-02-18'),
(7, NULL, 'Joško Gvardiol', NULL, 24, 'DEF', 'Croatie', '2002-01-23'),
(8, NULL, 'Manuel Akanji', NULL, 25, 'DEF', 'Suisse', '1995-01-19'),
(9, NULL, 'Rico Lewis', NULL, 82, 'DEF', 'Angleterre', '2004-11-21'),
(10, NULL, 'Rodri', NULL, 16, 'MID', 'Espagne', '1991-06-22'),
(11, NULL, 'Mateo Kovačić', NULL, 8, 'MID', 'Croatie', '1994-05-17'),
(12, NULL, 'Matheus Nunes', NULL, 27, 'MID', 'Portugal', '1998-08-27'),
(13, NULL, 'Kevin De Bruyne', 'kevin.debruyne@joueur.manchestercity.com', 17, 'MID', 'Belgique', '1991-06-28'),
(14, NULL, 'Phil Foden', NULL, 47, 'MID', 'Angleterre', '2000-05-28'),
(15, NULL, 'Bernardo Silva', NULL, 20, 'MID', 'Portugal', '1994-08-10'),
(16, NULL, 'Jack Grealish', NULL, 10, 'MID', 'Angleterre', '1995-09-10'),
(17, NULL, 'Julián Álvarez', NULL, 19, 'FWD', 'Argentine', '2000-01-31'),
(18, NULL, 'Jérémy Doku', NULL, 11, 'FWD', 'Belgique', '2002-05-12'),
(19, NULL, 'Erling Haaland', NULL, 9, 'FWD', 'Norvège', '2000-07-21');

-- --------------------------------------------------------

--
-- Structure de la table `player_match_stats`
--

CREATE TABLE `player_match_stats` (
  `id` int(11) NOT NULL,
  `player_id` int(11) NOT NULL,
  `match_id` int(11) NOT NULL,
  `titulaire` tinyint(1) NOT NULL DEFAULT 1,
  `minutes_jouees` int(11) NOT NULL DEFAULT 0,
  `buts` int(11) NOT NULL DEFAULT 0,
  `passes_decisives` int(11) NOT NULL DEFAULT 0,
  `note` decimal(3,1) DEFAULT NULL,
  `cartons_jaunes` tinyint(1) NOT NULL DEFAULT 0,
  `cartons_rouges` tinyint(1) NOT NULL DEFAULT 0
) ENGINE=InnoDB DEFAULT CHARSET=utf8mb4 COLLATE=utf8mb4_unicode_ci;

--
-- Déchargement des données de la table `player_match_stats`
--

INSERT INTO `player_match_stats` (`id`, `player_id`, `match_id`, `titulaire`, `minutes_jouees`, `buts`, `passes_decisives`, `note`, `cartons_jaunes`, `cartons_rouges`) VALUES
(3, 19, 7, 1, 90, 2, 1, 9.0, 0, 0),
(4, 19, 8, 1, 90, 1, 0, 7.5, 0, 0),
(5, 19, 9, 1, 90, 1, 0, 7.0, 0, 0),
(6, 19, 10, 1, 90, 3, 0, 9.5, 0, 0),
(7, 19, 11, 1, 90, 1, 1, 8.0, 0, 0),
(8, 19, 12, 1, 90, 2, 0, 8.5, 0, 0),
(9, 19, 13, 1, 90, 3, 1, 9.5, 0, 0),
(10, 19, 14, 1, 90, 0, 0, 6.5, 1, 0),
(11, 19, 15, 1, 90, 2, 0, 8.0, 0, 0),
(12, 19, 16, 1, 90, 1, 1, 8.0, 0, 0),
(13, 19, 17, 1, 90, 2, 0, 8.5, 0, 0),
(14, 19, 18, 1, 90, 1, 0, 7.5, 0, 0),
(15, 19, 19, 1, 90, 2, 1, 9.0, 0, 0),
(16, 19, 20, 1, 90, 0, 0, 6.0, 0, 0),
(17, 19, 21, 1, 90, 2, 0, 8.5, 0, 0),
(18, 19, 22, 1, 90, 3, 1, 9.5, 0, 0),
(19, 19, 23, 1, 90, 1, 0, 7.5, 0, 0),
(20, 19, 24, 1, 90, 1, 0, 7.0, 0, 0),
(21, 19, 25, 1, 90, 2, 1, 9.0, 0, 0),
(22, 13, 7, 1, 90, 0, 2, 8.5, 0, 0),
(23, 13, 8, 1, 90, 1, 1, 8.0, 0, 0),
(24, 13, 9, 1, 90, 0, 1, 7.5, 0, 0),
(25, 13, 10, 1, 90, 1, 2, 9.0, 0, 0),
(26, 13, 11, 1, 90, 0, 1, 8.0, 0, 0),
(27, 13, 12, 1, 90, 1, 1, 8.5, 1, 0),
(28, 13, 13, 1, 90, 0, 3, 9.0, 0, 0),
(29, 13, 14, 1, 90, 0, 1, 7.5, 0, 0),
(30, 13, 15, 1, 90, 1, 1, 8.5, 0, 0),
(31, 13, 16, 1, 90, 0, 1, 7.5, 0, 0),
(32, 13, 17, 1, 90, 1, 1, 8.0, 0, 0),
(33, 13, 18, 1, 90, 0, 1, 7.5, 0, 0),
(34, 13, 19, 1, 90, 1, 1, 8.5, 0, 0),
(35, 13, 20, 1, 75, 0, 0, 6.5, 0, 0),
(36, 13, 21, 1, 90, 1, 1, 9.0, 0, 0),
(37, 13, 22, 1, 90, 0, 2, 8.5, 0, 0),
(38, 13, 23, 1, 90, 1, 1, 8.5, 0, 0),
(39, 13, 24, 1, 90, 0, 1, 7.5, 0, 0),
(40, 13, 25, 1, 90, 1, 2, 9.0, 0, 0),
(41, 3, 7, 1, 90, 0, 1, 7.5, 0, 0),
(42, 3, 8, 1, 90, 0, 0, 7.0, 1, 0),
(43, 3, 9, 1, 90, 0, 0, 7.0, 0, 0),
(44, 3, 10, 1, 90, 0, 1, 7.5, 0, 0),
(45, 3, 11, 1, 90, 0, 0, 7.0, 0, 0),
(46, 3, 12, 1, 90, 0, 0, 7.5, 0, 0),
(47, 3, 13, 1, 90, 0, 1, 8.0, 0, 0),
(48, 3, 14, 1, 90, 0, 0, 6.5, 1, 0),
(49, 3, 15, 1, 90, 0, 0, 7.0, 0, 0),
(50, 3, 16, 1, 90, 0, 1, 7.5, 0, 0),
(51, 3, 17, 1, 90, 0, 0, 7.5, 0, 0),
(52, 3, 18, 1, 90, 0, 0, 7.0, 0, 0),
(53, 3, 19, 1, 90, 0, 1, 7.5, 0, 0),
(54, 3, 20, 1, 90, 0, 0, 6.5, 0, 0),
(55, 3, 21, 1, 90, 0, 0, 7.0, 0, 0),
(56, 3, 22, 1, 90, 0, 1, 7.5, 0, 0),
(57, 3, 23, 1, 90, 0, 0, 7.0, 0, 0),
(58, 3, 24, 1, 90, 0, 0, 7.0, 1, 0),
(59, 3, 25, 1, 90, 0, 1, 7.5, 0, 0),
(60, 4, 7, 1, 90, 0, 0, 8.0, 0, 0),
(61, 4, 8, 1, 90, 0, 0, 7.5, 0, 0),
(62, 4, 9, 1, 90, 1, 0, 8.5, 0, 0),
(63, 4, 10, 1, 90, 0, 0, 7.5, 0, 0),
(64, 4, 11, 1, 90, 0, 0, 8.0, 0, 0),
(65, 4, 12, 1, 90, 0, 0, 7.5, 1, 0),
(66, 4, 13, 1, 90, 0, 0, 8.0, 0, 0),
(67, 4, 14, 1, 90, 0, 0, 7.0, 0, 0),
(68, 4, 15, 1, 90, 0, 0, 7.5, 0, 0),
(69, 4, 16, 1, 90, 0, 0, 8.0, 0, 0),
(70, 4, 17, 1, 90, 0, 0, 8.0, 0, 0),
(71, 4, 18, 1, 90, 0, 0, 7.5, 0, 0),
(72, 4, 19, 1, 90, 0, 0, 8.0, 0, 0),
(73, 4, 20, 1, 90, 0, 0, 6.5, 1, 0),
(74, 4, 21, 1, 90, 0, 0, 7.5, 0, 0),
(75, 4, 22, 1, 90, 0, 0, 8.0, 0, 0),
(76, 4, 23, 1, 90, 0, 0, 7.5, 0, 0),
(77, 4, 24, 1, 90, 0, 0, 7.0, 0, 0),
(78, 4, 25, 1, 90, 1, 0, 8.5, 0, 0),
(79, 3, 7, 1, 90, 0, 1, 7.5, 0, 0),
(80, 3, 8, 1, 90, 0, 0, 7.0, 1, 0),
(81, 3, 9, 1, 90, 0, 0, 7.0, 0, 0),
(82, 3, 10, 1, 90, 0, 1, 7.5, 0, 0),
(83, 3, 11, 1, 90, 0, 0, 7.0, 0, 0),
(84, 3, 12, 1, 90, 0, 0, 7.5, 0, 0),
(85, 3, 13, 1, 90, 0, 1, 8.0, 0, 0),
(86, 3, 14, 1, 90, 0, 0, 6.5, 1, 0),
(87, 3, 15, 1, 90, 0, 0, 7.0, 0, 0),
(88, 3, 16, 1, 90, 0, 1, 7.5, 0, 0),
(89, 3, 17, 1, 90, 0, 0, 7.5, 0, 0),
(90, 3, 18, 1, 90, 0, 0, 7.0, 0, 0),
(91, 3, 19, 1, 90, 0, 1, 7.5, 0, 0),
(92, 3, 20, 1, 90, 0, 0, 6.5, 0, 0),
(93, 3, 21, 1, 90, 0, 0, 7.0, 0, 0),
(94, 3, 22, 1, 90, 0, 1, 7.5, 0, 0),
(95, 3, 23, 1, 90, 0, 0, 7.0, 0, 0),
(96, 3, 24, 1, 90, 0, 0, 7.0, 1, 0),
(97, 3, 25, 1, 90, 0, 1, 7.5, 0, 0),
(98, 4, 7, 1, 90, 0, 0, 8.0, 0, 0),
(99, 4, 8, 1, 90, 0, 0, 7.5, 0, 0),
(100, 4, 9, 1, 90, 1, 0, 8.5, 0, 0),
(101, 4, 10, 1, 90, 0, 0, 7.5, 0, 0),
(102, 4, 11, 1, 90, 0, 0, 8.0, 0, 0),
(103, 4, 12, 1, 90, 0, 0, 7.5, 1, 0),
(104, 4, 13, 1, 90, 0, 0, 8.0, 0, 0),
(105, 4, 14, 1, 90, 0, 0, 7.0, 0, 0),
(106, 4, 15, 1, 90, 0, 0, 7.5, 0, 0),
(107, 4, 16, 1, 90, 0, 0, 8.0, 0, 0),
(108, 4, 17, 1, 90, 0, 0, 8.0, 0, 0),
(109, 4, 18, 1, 90, 0, 0, 7.5, 0, 0),
(110, 4, 19, 1, 90, 0, 0, 8.0, 0, 0),
(111, 4, 20, 1, 90, 0, 0, 6.5, 1, 0),
(112, 4, 21, 1, 90, 0, 0, 7.5, 0, 0),
(113, 4, 22, 1, 90, 0, 0, 8.0, 0, 0),
(114, 4, 23, 1, 90, 0, 0, 7.5, 0, 0),
(115, 4, 24, 1, 90, 0, 0, 7.0, 0, 0),
(116, 4, 25, 1, 90, 1, 0, 8.5, 0, 0),
(117, 5, 7, 1, 90, 0, 0, 7.5, 0, 0),
(118, 5, 8, 1, 90, 0, 0, 7.0, 0, 0),
(119, 5, 9, 0, 45, 0, 0, 6.5, 0, 0),
(120, 5, 10, 1, 90, 1, 0, 8.0, 0, 0),
(121, 5, 11, 1, 90, 0, 0, 7.5, 0, 0),
(122, 5, 12, 1, 90, 0, 0, 7.5, 0, 0),
(123, 5, 13, 1, 90, 0, 0, 7.5, 0, 0),
(124, 5, 14, 1, 90, 0, 0, 7.0, 1, 0),
(125, 5, 15, 1, 90, 0, 0, 7.5, 0, 0),
(126, 5, 16, 1, 90, 0, 1, 7.5, 0, 0),
(127, 5, 17, 1, 90, 0, 0, 7.5, 0, 0),
(128, 5, 18, 1, 90, 0, 0, 7.0, 0, 0),
(129, 5, 19, 1, 90, 0, 0, 7.5, 0, 0),
(130, 5, 20, 1, 90, 0, 0, 6.5, 0, 0),
(131, 5, 21, 1, 90, 0, 0, 7.5, 0, 0),
(132, 5, 22, 1, 90, 0, 0, 7.5, 0, 0),
(133, 5, 23, 1, 90, 0, 0, 7.5, 0, 0),
(134, 5, 24, 1, 90, 0, 0, 7.0, 0, 0),
(135, 5, 25, 1, 90, 1, 0, 8.0, 0, 0),
(136, 6, 7, 1, 90, 0, 0, 7.5, 0, 0),
(137, 6, 8, 1, 90, 0, 0, 7.0, 0, 0),
(138, 6, 9, 1, 90, 0, 0, 7.0, 1, 0),
(139, 6, 10, 1, 90, 0, 1, 7.5, 0, 0),
(140, 6, 11, 1, 90, 0, 0, 7.5, 0, 0),
(141, 6, 12, 1, 90, 0, 0, 7.5, 0, 0),
(142, 6, 13, 1, 90, 0, 0, 7.5, 0, 0),
(143, 6, 14, 1, 90, 0, 0, 7.0, 0, 0),
(144, 6, 15, 1, 90, 0, 0, 7.0, 0, 0),
(145, 6, 16, 1, 90, 0, 0, 7.5, 0, 0),
(146, 6, 17, 1, 90, 0, 0, 7.5, 0, 0),
(147, 6, 18, 1, 90, 0, 0, 7.0, 0, 0),
(148, 6, 19, 1, 90, 0, 0, 7.5, 0, 0),
(149, 6, 20, 1, 90, 0, 0, 6.5, 1, 0),
(150, 6, 21, 1, 90, 0, 0, 7.5, 0, 0),
(151, 6, 22, 1, 90, 0, 0, 7.5, 0, 0),
(152, 6, 23, 1, 90, 0, 0, 7.0, 0, 0),
(153, 6, 24, 1, 90, 0, 0, 7.0, 0, 0),
(154, 6, 25, 1, 90, 0, 0, 7.5, 0, 0),
(155, 11, 7, 1, 90, 0, 1, 7.5, 0, 0),
(156, 11, 8, 1, 90, 0, 1, 7.5, 0, 0),
(157, 11, 9, 1, 90, 0, 0, 7.0, 1, 0),
(158, 11, 10, 1, 90, 1, 0, 8.0, 0, 0),
(159, 11, 11, 1, 90, 0, 0, 7.5, 0, 0),
(160, 11, 12, 1, 90, 0, 1, 7.5, 0, 0),
(161, 11, 13, 1, 90, 1, 1, 8.5, 0, 0),
(162, 11, 14, 1, 90, 0, 0, 7.0, 1, 0),
(163, 11, 15, 1, 90, 0, 1, 7.5, 0, 0),
(164, 11, 16, 1, 90, 0, 0, 7.5, 0, 0),
(165, 11, 17, 1, 90, 1, 0, 8.0, 0, 0),
(166, 11, 18, 1, 90, 0, 0, 7.0, 0, 0),
(167, 11, 19, 1, 90, 0, 1, 7.5, 0, 0),
(168, 11, 20, 1, 90, 0, 0, 6.5, 0, 0),
(169, 11, 21, 1, 90, 0, 1, 7.5, 0, 0),
(170, 11, 22, 1, 90, 1, 1, 8.5, 0, 0),
(171, 11, 23, 1, 90, 0, 0, 7.0, 0, 0),
(172, 11, 24, 1, 90, 0, 0, 7.0, 1, 0),
(173, 11, 25, 1, 90, 1, 0, 8.0, 0, 0),
(174, 16, 7, 1, 75, 0, 1, 7.5, 0, 0),
(175, 16, 8, 1, 80, 1, 0, 7.5, 0, 0),
(176, 16, 9, 0, 60, 0, 0, 6.5, 0, 0),
(177, 16, 10, 1, 90, 1, 1, 8.5, 0, 0),
(178, 16, 11, 1, 85, 0, 1, 7.5, 0, 0),
(179, 16, 12, 1, 90, 1, 0, 8.0, 0, 0),
(180, 16, 13, 1, 90, 1, 2, 9.0, 0, 0),
(181, 16, 14, 1, 90, 0, 0, 7.0, 0, 0),
(182, 16, 15, 1, 90, 1, 0, 8.0, 0, 0),
(183, 16, 16, 1, 90, 0, 1, 7.5, 0, 0),
(184, 16, 17, 1, 90, 1, 1, 8.5, 0, 0),
(185, 16, 18, 1, 90, 0, 1, 7.5, 0, 0),
(186, 16, 19, 1, 90, 1, 1, 8.5, 0, 0),
(187, 16, 20, 1, 90, 0, 0, 6.5, 0, 0),
(188, 16, 21, 1, 90, 0, 1, 7.5, 0, 0),
(189, 16, 22, 1, 90, 1, 1, 8.5, 0, 0),
(190, 16, 23, 1, 90, 0, 1, 7.5, 0, 0),
(191, 16, 24, 1, 90, 0, 0, 7.0, 0, 0),
(192, 16, 25, 1, 90, 1, 1, 8.5, 0, 0),
(193, 18, 7, 1, 90, 1, 0, 8.0, 0, 0),
(194, 18, 8, 1, 90, 0, 1, 7.5, 0, 0),
(195, 18, 9, 1, 90, 0, 0, 7.0, 0, 0),
(196, 18, 10, 1, 90, 1, 1, 8.5, 0, 0),
(197, 18, 11, 1, 85, 0, 1, 7.5, 0, 0),
(198, 18, 12, 1, 90, 1, 0, 8.0, 0, 0),
(199, 18, 13, 1, 90, 2, 1, 9.5, 0, 0),
(200, 18, 14, 1, 90, 0, 1, 7.5, 0, 0),
(201, 18, 15, 1, 90, 1, 0, 8.0, 0, 0),
(202, 18, 16, 1, 90, 0, 1, 7.5, 0, 0),
(203, 18, 17, 1, 90, 1, 1, 8.5, 0, 0),
(204, 18, 18, 1, 90, 0, 0, 7.0, 0, 0),
(205, 18, 19, 1, 90, 1, 1, 8.5, 0, 0),
(206, 18, 20, 1, 90, 0, 0, 6.5, 1, 0),
(207, 18, 21, 1, 90, 1, 0, 8.0, 0, 0),
(208, 18, 22, 1, 90, 1, 2, 9.0, 0, 0),
(209, 18, 23, 1, 90, 0, 1, 7.5, 0, 0),
(210, 18, 24, 1, 90, 0, 0, 7.0, 0, 0),
(211, 18, 25, 1, 90, 1, 1, 8.5, 0, 0),
(212, 10, 7, 1, 90, 0, 1, 8.5, 0, 0),
(213, 10, 8, 1, 90, 0, 0, 8.0, 0, 0),
(214, 10, 9, 1, 90, 0, 0, 7.5, 1, 0),
(215, 10, 10, 1, 90, 0, 1, 8.0, 0, 0),
(216, 10, 11, 1, 90, 0, 0, 8.0, 0, 0),
(217, 10, 12, 1, 90, 0, 1, 8.5, 0, 0),
(218, 10, 13, 1, 90, 1, 1, 9.0, 0, 0),
(219, 10, 14, 1, 90, 0, 0, 7.5, 1, 0),
(220, 10, 15, 1, 90, 0, 1, 8.0, 0, 0),
(221, 10, 16, 1, 90, 0, 0, 8.0, 0, 0),
(222, 10, 17, 1, 90, 0, 1, 8.5, 0, 0),
(223, 10, 18, 1, 90, 0, 0, 7.5, 0, 0),
(224, 10, 19, 1, 90, 0, 1, 8.0, 0, 0),
(225, 10, 20, 1, 90, 0, 0, 7.0, 0, 0),
(226, 10, 21, 1, 90, 0, 1, 8.5, 0, 0),
(227, 10, 22, 1, 90, 1, 0, 8.5, 0, 0),
(228, 10, 23, 1, 90, 0, 1, 8.0, 0, 0),
(229, 10, 24, 1, 90, 0, 0, 7.5, 1, 0),
(230, 10, 25, 1, 90, 0, 1, 8.5, 0, 0),
(231, 15, 7, 1, 90, 0, 1, 8.0, 0, 0),
(232, 15, 8, 1, 90, 1, 0, 7.5, 0, 0),
(233, 15, 9, 1, 90, 0, 1, 7.5, 0, 0),
(234, 15, 10, 1, 90, 1, 1, 8.5, 0, 0),
(235, 15, 11, 1, 90, 0, 1, 8.0, 0, 0),
(236, 15, 12, 1, 90, 1, 0, 8.0, 0, 0),
(237, 15, 13, 1, 90, 1, 2, 9.0, 0, 0),
(238, 15, 14, 1, 90, 0, 0, 7.5, 0, 0),
(239, 15, 15, 1, 90, 1, 0, 8.0, 0, 0),
(240, 15, 16, 1, 90, 0, 1, 7.5, 0, 0),
(241, 15, 17, 1, 90, 1, 1, 8.5, 0, 0),
(242, 15, 18, 1, 90, 0, 1, 7.5, 0, 0),
(243, 15, 19, 1, 90, 1, 1, 8.5, 0, 0),
(244, 15, 20, 1, 90, 0, 0, 7.0, 0, 0),
(245, 15, 21, 1, 90, 0, 1, 8.0, 0, 0),
(246, 15, 22, 1, 90, 1, 1, 8.5, 0, 0),
(247, 15, 23, 1, 90, 0, 1, 7.5, 0, 0),
(248, 15, 24, 1, 90, 0, 0, 7.5, 0, 0),
(249, 15, 25, 1, 90, 1, 1, 8.5, 0, 0),
(250, 7, 7, 1, 90, 0, 0, 7.5, 0, 0),
(251, 7, 8, 1, 90, 0, 0, 7.0, 0, 0),
(252, 7, 9, 1, 90, 0, 0, 7.5, 0, 0),
(253, 7, 10, 1, 90, 1, 0, 8.0, 0, 0),
(254, 7, 11, 1, 90, 0, 0, 7.5, 0, 0),
(255, 7, 12, 1, 90, 0, 1, 7.5, 0, 0),
(256, 7, 13, 1, 90, 1, 0, 8.0, 0, 0),
(257, 7, 14, 1, 90, 0, 0, 7.0, 1, 0),
(258, 7, 15, 1, 90, 0, 0, 7.5, 0, 0),
(259, 7, 16, 1, 90, 0, 0, 7.5, 0, 0),
(260, 7, 17, 1, 90, 1, 0, 8.0, 0, 0),
(261, 7, 18, 1, 90, 0, 0, 7.0, 0, 0),
(262, 7, 19, 1, 90, 0, 1, 7.5, 0, 0),
(263, 7, 20, 1, 90, 0, 0, 6.5, 0, 0),
(264, 7, 21, 1, 90, 0, 0, 7.5, 0, 0),
(265, 7, 22, 1, 90, 1, 0, 8.0, 0, 0),
(266, 7, 23, 1, 90, 0, 0, 7.5, 0, 0),
(267, 7, 24, 1, 90, 0, 0, 7.0, 0, 0),
(268, 7, 25, 1, 90, 0, 1, 7.5, 0, 0),
(269, 8, 7, 1, 90, 0, 0, 7.5, 0, 0),
(270, 8, 8, 1, 90, 0, 0, 7.0, 0, 0),
(271, 8, 9, 1, 90, 0, 0, 7.5, 0, 0),
(272, 8, 10, 1, 90, 0, 0, 7.5, 0, 0),
(273, 8, 11, 1, 90, 0, 0, 7.5, 0, 0),
(274, 8, 12, 1, 90, 0, 0, 7.5, 1, 0),
(275, 8, 13, 1, 90, 0, 0, 7.5, 0, 0),
(276, 8, 14, 1, 90, 0, 0, 7.0, 0, 0),
(277, 8, 15, 1, 90, 0, 0, 7.5, 0, 0),
(278, 8, 16, 1, 90, 0, 0, 7.5, 0, 0),
(279, 8, 17, 1, 90, 0, 0, 7.5, 0, 0),
(280, 8, 18, 1, 90, 0, 0, 7.0, 0, 0),
(281, 8, 19, 1, 90, 0, 0, 7.5, 0, 0),
(282, 8, 20, 1, 90, 0, 0, 6.5, 0, 0),
(283, 8, 21, 1, 90, 0, 0, 7.5, 0, 0),
(284, 8, 22, 1, 90, 0, 0, 7.5, 0, 0),
(285, 8, 23, 1, 90, 0, 0, 7.0, 0, 0),
(286, 8, 24, 1, 90, 0, 0, 7.0, 1, 0),
(287, 8, 25, 1, 90, 0, 0, 7.5, 0, 0),
(288, 12, 7, 0, 45, 0, 0, 6.5, 0, 0),
(289, 12, 8, 1, 90, 0, 1, 7.5, 0, 0),
(290, 12, 9, 0, 60, 0, 0, 6.5, 0, 0),
(291, 12, 10, 1, 90, 0, 1, 7.5, 0, 0),
(292, 12, 11, 0, 60, 0, 0, 7.0, 0, 0),
(293, 12, 12, 1, 90, 1, 0, 8.0, 0, 0),
(294, 12, 13, 1, 90, 0, 1, 7.5, 0, 0),
(295, 12, 14, 0, 45, 0, 0, 6.5, 0, 0),
(296, 12, 15, 1, 90, 0, 1, 7.5, 0, 0),
(297, 12, 16, 1, 90, 1, 0, 7.5, 0, 0),
(298, 12, 17, 1, 90, 0, 1, 7.5, 0, 0),
(299, 12, 18, 1, 90, 0, 0, 7.0, 0, 0),
(300, 12, 19, 1, 90, 1, 0, 8.0, 0, 0),
(301, 12, 20, 0, 60, 0, 0, 6.5, 0, 0),
(302, 12, 21, 1, 90, 0, 1, 7.5, 0, 0),
(303, 12, 22, 1, 90, 0, 1, 7.5, 0, 0),
(304, 12, 23, 1, 90, 0, 0, 7.0, 0, 0),
(305, 12, 24, 0, 60, 0, 0, 6.5, 0, 0),
(306, 12, 25, 1, 90, 1, 1, 8.0, 0, 0),
(307, 1, 7, 1, 90, 0, 0, 8.0, 0, 0),
(308, 1, 8, 1, 90, 0, 0, 7.5, 0, 0),
(309, 1, 9, 1, 90, 0, 0, 8.0, 0, 0),
(310, 1, 10, 1, 90, 0, 0, 7.5, 0, 0),
(311, 1, 11, 1, 90, 0, 0, 8.5, 0, 0),
(312, 1, 12, 1, 90, 0, 0, 7.5, 0, 0),
(313, 1, 13, 1, 90, 0, 0, 8.0, 0, 0),
(314, 1, 14, 1, 90, 0, 0, 7.5, 0, 0),
(315, 1, 15, 1, 90, 0, 0, 7.5, 0, 0),
(316, 1, 16, 1, 90, 0, 0, 8.0, 0, 0),
(317, 1, 17, 1, 90, 0, 0, 8.0, 0, 0),
(318, 1, 18, 1, 90, 0, 0, 7.5, 0, 0),
(319, 1, 19, 1, 90, 0, 0, 8.0, 0, 0),
(320, 1, 20, 1, 90, 0, 0, 6.5, 0, 0),
(321, 1, 21, 1, 90, 0, 0, 8.0, 0, 0),
(322, 1, 22, 1, 90, 0, 0, 8.5, 0, 0),
(323, 1, 23, 1, 90, 0, 0, 8.0, 0, 0),
(324, 1, 24, 1, 90, 0, 0, 7.5, 0, 0),
(325, 1, 25, 1, 90, 0, 0, 8.0, 0, 0),
(345, 17, 7, 0, 30, 0, 0, 6.5, 0, 0),
(346, 17, 8, 1, 90, 1, 0, 8.0, 0, 0),
(347, 17, 9, 0, 45, 0, 0, 6.5, 0, 0),
(348, 17, 10, 0, 30, 1, 0, 7.5, 0, 0),
(349, 17, 11, 1, 90, 1, 1, 8.5, 0, 0),
(350, 17, 12, 0, 45, 0, 1, 7.0, 0, 0),
(351, 17, 13, 1, 90, 2, 0, 9.0, 0, 0),
(352, 17, 14, 1, 90, 1, 0, 7.5, 0, 0),
(353, 17, 15, 0, 45, 0, 1, 7.0, 0, 0),
(354, 17, 16, 1, 90, 1, 0, 8.0, 0, 0),
(355, 17, 17, 0, 45, 1, 0, 7.5, 0, 0),
(356, 17, 18, 1, 90, 0, 1, 7.5, 0, 0),
(357, 17, 19, 1, 90, 1, 1, 8.5, 0, 0),
(358, 17, 20, 1, 90, 1, 0, 7.5, 0, 0),
(359, 17, 21, 0, 45, 0, 0, 7.0, 0, 0),
(360, 17, 22, 1, 90, 1, 1, 8.5, 0, 0),
(361, 17, 23, 1, 90, 0, 0, 7.0, 0, 0),
(362, 17, 24, 1, 90, 1, 0, 8.0, 0, 0),
(363, 17, 25, 0, 45, 1, 0, 7.5, 0, 0),
(364, 14, 7, 1, 90, 1, 0, 8.0, 0, 0),
(365, 14, 8, 1, 90, 0, 1, 7.5, 0, 0),
(366, 14, 9, 1, 90, 0, 0, 7.0, 1, 0),
(367, 14, 10, 1, 90, 1, 1, 8.5, 0, 0),
(368, 14, 11, 1, 85, 1, 0, 8.0, 0, 0),
(369, 14, 12, 1, 90, 0, 1, 7.5, 0, 0),
(370, 14, 13, 1, 90, 2, 1, 9.5, 0, 0),
(371, 14, 14, 1, 90, 0, 0, 7.0, 0, 0),
(372, 14, 15, 1, 90, 1, 1, 8.5, 0, 0),
(373, 14, 16, 1, 90, 0, 0, 7.5, 0, 0),
(374, 14, 17, 1, 90, 1, 1, 8.5, 0, 0),
(375, 14, 18, 1, 90, 0, 1, 7.5, 0, 0),
(376, 14, 19, 1, 90, 1, 0, 8.0, 0, 0),
(377, 14, 20, 1, 90, 0, 0, 6.5, 0, 0),
(378, 14, 21, 1, 90, 1, 1, 8.5, 0, 0),
(379, 14, 22, 1, 90, 1, 2, 9.0, 0, 0),
(380, 14, 23, 1, 90, 0, 1, 7.5, 0, 0),
(381, 14, 24, 1, 90, 0, 0, 7.0, 0, 0),
(382, 14, 25, 1, 90, 2, 1, 9.5, 0, 0),
(383, 9, 7, 0, 45, 0, 0, 6.5, 0, 0),
(384, 9, 8, 0, 30, 0, 0, 6.5, 0, 0),
(385, 9, 9, 1, 90, 0, 0, 7.0, 0, 0),
(386, 9, 10, 0, 45, 0, 1, 7.0, 0, 0),
(387, 9, 11, 1, 90, 0, 0, 7.0, 0, 0),
(388, 9, 12, 0, 30, 0, 0, 6.5, 0, 0),
(389, 9, 13, 1, 90, 0, 1, 7.5, 0, 0),
(390, 9, 14, 0, 45, 0, 0, 6.5, 0, 0),
(391, 9, 15, 1, 90, 0, 1, 7.5, 0, 0),
(392, 9, 16, 1, 90, 0, 0, 7.0, 0, 0),
(393, 9, 17, 0, 45, 0, 0, 6.5, 0, 0),
(394, 9, 18, 1, 90, 0, 1, 7.0, 0, 0),
(395, 9, 19, 1, 90, 1, 0, 7.5, 0, 0),
(396, 9, 20, 1, 90, 0, 0, 6.5, 0, 0),
(397, 9, 21, 0, 45, 0, 0, 6.5, 0, 0),
(398, 9, 22, 1, 90, 0, 1, 7.5, 0, 0),
(399, 9, 23, 1, 90, 0, 0, 7.0, 0, 0),
(400, 9, 24, 0, 30, 0, 0, 6.5, 0, 0),
(401, 9, 25, 1, 90, 0, 1, 7.5, 0, 0),
(421, 2, 7, 0, 0, 0, 0, NULL, 0, 0),
(422, 2, 8, 0, 0, 0, 0, NULL, 0, 0),
(423, 2, 9, 0, 0, 0, 0, NULL, 0, 0),
(424, 2, 10, 0, 0, 0, 0, NULL, 0, 0),
(425, 2, 11, 0, 0, 0, 0, NULL, 0, 0),
(426, 2, 12, 0, 0, 0, 0, NULL, 0, 0),
(427, 2, 13, 0, 0, 0, 0, NULL, 0, 0),
(428, 2, 14, 0, 0, 0, 0, NULL, 0, 0),
(429, 2, 15, 0, 0, 0, 0, NULL, 0, 0),
(430, 2, 16, 0, 0, 0, 0, NULL, 0, 0),
(431, 2, 17, 0, 0, 0, 0, NULL, 0, 0),
(432, 2, 18, 0, 0, 0, 0, NULL, 0, 0),
(433, 2, 19, 0, 0, 0, 0, NULL, 0, 0),
(434, 2, 20, 0, 0, 0, 0, NULL, 0, 0),
(435, 2, 21, 0, 0, 0, 0, NULL, 0, 0),
(436, 2, 22, 0, 0, 0, 0, NULL, 0, 0),
(437, 2, 23, 0, 0, 0, 0, NULL, 0, 0),
(438, 2, 24, 0, 0, 0, 0, NULL, 0, 0),
(439, 2, 25, 0, 0, 0, 0, NULL, 0, 0);

-- --------------------------------------------------------

--
-- Structure de la table `users`
--

CREATE TABLE `users` (
  `id` int(11) NOT NULL,
  `nom` varchar(100) NOT NULL,
  `email` varchar(150) NOT NULL,
  `password_hash` varchar(255) NOT NULL,
  `role` enum('staff','player','fan') NOT NULL DEFAULT 'fan',
  `derniere_activite` datetime DEFAULT NULL,
  `created_at` datetime NOT NULL DEFAULT current_timestamp()
) ENGINE=InnoDB DEFAULT CHARSET=utf8mb4 COLLATE=utf8mb4_unicode_ci;

--
-- Déchargement des données de la table `users`
--

INSERT INTO `users` (`id`, `nom`, `email`, `password_hash`, `role`, `derniere_activite`, `created_at`) VALUES
(1, 'Admin Staff', 'admin@test.com', 'PASSWORD_HASH_ADMIN', 'staff', NULL, '2026-03-08 19:24:51'),
(2, 'Kevin De Bruyne', 'user@test.com', 'PASSWORD_HASH_USER', 'player', NULL, '2026-03-08 19:24:51'),
(3, 'Fan Cityzen', 'visiteur@test.com', 'PASSWORD_HASH_FAN', 'fan', NULL, '2026-03-08 19:24:51'),
(4, 'Adam', 'compteproadam.bellanger@gmail.com', '$2y$10$BshdV0IZZThRFyPT6HQoHurDv8XgogpycYNDrKukU/p1bCK3vTX/S', 'fan', '2026-03-09 17:16:57', '2026-03-09 09:24:02'),
(5, 'guardiola', 'pep.guardiola@coach.manchestercity.com', '$2y$10$j6TZle.AmclLfIrbW51/suWICE9wXC0f8n9mZTh9IncFEfb8Vs4lC', 'staff', '2026-03-09 17:27:14', '2026-03-09 09:26:23'),
(6, 'Kevin De Bruyne', 'kevin.debruyne@joueur.manchestercity.com', '$2y$10$jNJ1QRnO3UQZU7taSFS3DO3pEfIBua.59/Yi9kbbRhI3d6q8cLw4q', 'player', '2026-03-09 17:16:12', '2026-03-09 10:57:12'),
(7, 'Stefan Ortega', 'Stefan.ortega@joueur.manchestercity.com', '$2y$10$gkiieOgeCmTZcZZMvxr/6O8JF0UKQhA/othMGvSl1yOeYV0wInr2y', 'player', NULL, '2026-03-09 11:00:04'),
(8, 'kyle walker', 'kyle.walker@joueur.manchestercity.com', '$2y$10$0aT2fyt5bVKxKqWEq/RzCOK/J0JMBy.YPDFtZZOhnvSfNfJEFaz36', 'player', '2026-03-09 16:06:27', '2026-03-09 14:10:24');

--
-- Index pour les tables déchargées
--

--
-- Index pour la table `matchs`
--
ALTER TABLE `matchs`
  ADD PRIMARY KEY (`id`);

--
-- Index pour la table `players`
--
ALTER TABLE `players`
  ADD PRIMARY KEY (`id`),
  ADD KEY `user_id` (`user_id`);

--
-- Index pour la table `player_match_stats`
--
ALTER TABLE `player_match_stats`
  ADD PRIMARY KEY (`id`),
  ADD KEY `fk_pms_player` (`player_id`),
  ADD KEY `fk_pms_match` (`match_id`);

--
-- Index pour la table `users`
--
ALTER TABLE `users`
  ADD PRIMARY KEY (`id`),
  ADD UNIQUE KEY `email` (`email`);

--
-- AUTO_INCREMENT pour les tables déchargées
--

--
-- AUTO_INCREMENT pour la table `matchs`
--
ALTER TABLE `matchs`
  MODIFY `id` int(11) NOT NULL AUTO_INCREMENT, AUTO_INCREMENT=26;

--
-- AUTO_INCREMENT pour la table `players`
--
ALTER TABLE `players`
  MODIFY `id` int(11) NOT NULL AUTO_INCREMENT, AUTO_INCREMENT=21;

--
-- AUTO_INCREMENT pour la table `player_match_stats`
--
ALTER TABLE `player_match_stats`
  MODIFY `id` int(11) NOT NULL AUTO_INCREMENT, AUTO_INCREMENT=440;

--
-- AUTO_INCREMENT pour la table `users`
--
ALTER TABLE `users`
  MODIFY `id` int(11) NOT NULL AUTO_INCREMENT, AUTO_INCREMENT=9;

--
-- Contraintes pour les tables déchargées
--

--
-- Contraintes pour la table `players`
--
ALTER TABLE `players`
  ADD CONSTRAINT `fk_players_user` FOREIGN KEY (`user_id`) REFERENCES `users` (`id`) ON DELETE SET NULL;

--
-- Contraintes pour la table `player_match_stats`
--
ALTER TABLE `player_match_stats`
  ADD CONSTRAINT `fk_pms_match` FOREIGN KEY (`match_id`) REFERENCES `matchs` (`id`) ON DELETE CASCADE,
  ADD CONSTRAINT `fk_pms_player` FOREIGN KEY (`player_id`) REFERENCES `players` (`id`) ON DELETE CASCADE;
COMMIT;

/*!40101 SET CHARACTER_SET_CLIENT=@OLD_CHARACTER_SET_CLIENT */;
/*!40101 SET CHARACTER_SET_RESULTS=@OLD_CHARACTER_SET_RESULTS */;
/*!40101 SET COLLATION_CONNECTION=@OLD_COLLATION_CONNECTION */;
